n,p,k,k_sobre_n,disponibilidade_teorica,disponibilidade_simulada,erro_absoluto
1000,0.2,1,0.001,1.0,1.0,0.0
1000,0.2,23,0.023,1.0,1.0,0.0
1000,0.2,46,0.046,1.0,1.0,0.0
1000,0.2,69,0.069,1.0,1.0,0.0
1000,0.2,91,0.091,1.0,1.0,0.0
1000,0.2,114,0.114,1.0,1.0,0.0
1000,0.2,137,0.137,1.0,1.0,0.0
1000,0.2,159,0.159,0.99962,0.9996,2e-05
1000,0.2,182,0.182,0.929506,0.929567,6.1e-05
1000,0.2,195,0.195,0.665803,0.6662,0.000397
1000,0.2,198,0.198,0.57535,0.575867,0.000516
1000,0.2,200,0.2,0.512614,0.510667,0.001947
1000,0.2,202,0.202,0.44972,0.4496,0.00012
1000,0.2,205,0.205,0.358442,0.358,0.000442
1000,0.2,228,0.228,0.015913,0.015333,0.000579
1000,0.2,250,0.25,6.9e-05,0.000133,6.5e-05
1000,0.2,273,0.273,0.0,0.0,0.0
1000,0.2,296,0.296,0.0,0.0,0.0
1000,0.2,318,0.318,0.0,0.0,0.0
1000,0.2,341,0.341,0.0,0.0,0.0
1000,0.2,364,0.364,0.0,0.0,0.0
1000,0.2,386,0.386,0.0,0.0,0.0
1000,0.2,409,0.409,0.0,0.0,0.0
1000,0.2,432,0.432,0.0,0.0,0.0
1000,0.2,455,0.455,0.0,0.0,0.0
1000,0.2,477,0.477,0.0,0.0,0.0
1000,0.2,500,0.5,0.0,0.0,0.0
1000,0.2,523,0.523,0.0,0.0,0.0
1000,0.2,545,0.545,0.0,0.0,0.0
1000,0.2,568,0.568,0.0,0.0,0.0
1000,0.2,591,0.591,0.0,0.0,0.0
1000,0.2,614,0.614,0.0,0.0,0.0
1000,0.2,636,0.636,0.0,0.0,0.0
1000,0.2,659,0.659,0.0,0.0,0.0
1000,0.2,682,0.682,0.0,0.0,0.0
1000,0.2,704,0.704,0.0,0.0,0.0
1000,0.2,727,0.727,0.0,0.0,0.0
1000,0.2,750,0.75,0.0,0.0,0.0
1000,0.2,772,0.772,0.0,0.0,0.0
1000,0.2,795,0.795,0.0,0.0,0.0
1000,0.2,818,0.818,0.0,0.0,0.0
1000,0.2,841,0.841,0.0,0.0,0.0
1000,0.2,863,0.863,0.0,0.0,0.0
1000,0.2,886,0.886,0.0,0.0,0.0
1000,0.2,909,0.909,0.0,0.0,0.0
1000,0.2,931,0.931,0.0,0.0,0.0
1000,0.2,954,0.954,0.0,0.0,0.0
1000,0.2,977,0.977,0.0,0.0,0.0
1000,0.2,1000,1.0,0.0,0.0,0.0
1000,0.4,1,0.001,1.0,1.0,0.0
1000,0.4,23,0.023,1.0,1.0,0.0
1000,0.4,46,0.046,1.0,1.0,0.0
1000,0.4,69,0.069,1.0,1.0,0.0
1000,0.4,91,0.091,1.0,1.0,0.0
1000,0.4,114,0.114,1.0,1.0,0.0
1000,0.4,137,0.137,1.0,1.0,0.0
1000,0.4,159,0.159,1.0,1.0,0.0
1000,0.4,182,0.182,1.0,1.0,0.0
1000,0.4,205,0.205,1.0,1.0,0.0
1000,0.4,228,0.228,1.0,1.0,0.0
1000,0.4,250,0.25,1.0,1.0,0.0
1000,0.4,273,0.273,1.0,1.0,0.0
1000,0.4,296,0.296,1.0,1.0,0.0
1000,0.4,318,0.318,1.0,1.0,0.0
1000,0.4,341,0.341,0.999947,0.999967,2e-05
1000,0.4,364,0.364,0.991032,0.991233,0.000202
1000,0.4,386,0.386,0.825286,0.8243,0.000986
1000,0.4,395,0.395,0.637999,0.6385,0.000501
1000,0.4,398,0.398,0.563269,0.561067,0.002203
1000,0.4,400,0.4,0.512015,0.5105,0.001515
1000,0.4,402,0.402,0.46059,0.458167,0.002423
1000,0.4,405,0.405,0.384982,0.383333,0.001649
1000,0.4,409,0.409,0.29111,0.2914,0.00029
1000,0.4,432,0.432,0.021322,0.020333,0.000989
1000,0.4,455,0.455,0.000235,0.000233,2e-06
1000,0.4,477,0.477,0.0,0.0,0.0
1000,0.4,500,0.5,0.0,0.0,0.0
1000,0.4,523,0.523,0.0,0.0,0.0
1000,0.4,545,0.545,0.0,0.0,0.0
1000,0.4,568,0.568,0.0,0.0,0.0
1000,0.4,591,0.591,0.0,0.0,0.0
1000,0.4,614,0.614,0.0,0.0,0.0
1000,0.4,636,0.636,0.0,0.0,0.0
1000,0.4,659,0.659,0.0,0.0,0.0
1000,0.4,682,0.682,0.0,0.0,0.0
1000,0.4,704,0.704,0.0,0.0,0.0
1000,0.4,727,0.727,0.0,0.0,0.0
1000,0.4,750,0.75,0.0,0.0,0.0
1000,0.4,772,0.772,0.0,0.0,0.0
1000,0.4,795,0.795,0.0,0.0,0.0
1000,0.4,818,0.818,0.0,0.0,0.0
1000,0.4,841,0.841,0.0,0.0,0.0
1000,0.4,863,0.863,0.0,0.0,0.0
1000,0.4,886,0.886,0.0,0.0,0.0
1000,0.4,909,0.909,0.0,0.0,0.0
1000,0.4,931,0.931,0.0,0.0,0.0
1000,0.4,954,0.954,0.0,0.0,0.0
1000,0.4,977,0.977,0.0,0.0,0.0
1000,0.4,1000,1.0,0.0,0.0,0.0
1000,0.6,1,0.001,1.0,1.0,0.0
1000,0.6,23,0.023,1.0,1.0,0.0
1000,0.6,46,0.046,1.0,1.0,0.0
1000,0.6,69,0.069,1.0,1.0,0.0
1000,0.6,91,0.091,1.0,1.0,0.0
1000,0.6,114,0.114,1.0,1.0,0.0
1000,0.6,137,0.137,1.0,1.0,0.0
1000,0.6,159,0.159,1.0,1.0,0.0
1000,0.6,182,0.182,1.0,1.0,0.0
1000,0.6,205,0.205,1.0,1.0,0.0
1000,0.6,228,0.228,1.0,1.0,0.0
1000,0.6,250,0.25,1.0,1.0,0.0
1000,0.6,273,0.273,1.0,1.0,0.0
1000,0.6,296,0.296,1.0,1.0,0.0
1000,0.6,318,0.318,1.0,1.0,0.0
1000,0.6,341,0.341,1.0,1.0,0.0
1000,0.6,364,0.364,1.0,1.0,0.0
1000,0.6,386,0.386,1.0,1.0,0.0
1000,0.6,409,0.409,1.0,1.0,0.0
1000,0.6,432,0.432,1.0,1.0,0.0
1000,0.6,455,0.455,1.0,1.0,0.0
1000,0.6,477,0.477,1.0,1.0,0.0
1000,0.6,500,0.5,1.0,1.0,0.0
1000,0.6,523,0.523,1.0,1.0,0.0
1000,0.6,545,0.545,0.999815,0.9998,1.5e-05
1000,0.6,568,0.568,0.981746,0.982533,0.000787
1000,0.6,591,0.591,0.730569,0.729033,0.001535
1000,0.6,595,0.595,0.639408,0.639833,0.000425
1000,0.6,598,0.598,0.564921,0.5668,0.001879
1000,0.6,600,0.6,0.51373,0.5145,0.00077
1000,0.6,602,0.602,0.462283,0.463633,0.00135
1000,0.6,605,0.605,0.38649,0.3878,0.00131
1000,0.6,614,0.614,0.191907,0.192433,0.000526
1000,0.6,636,0.636,0.010678,0.010233,0.000445
1000,0.6,659,0.659,7e-05,3.3e-05,3.6e-05
1000,0.6,682,0.682,0.0,0.0,0.0
1000,0.6,704,0.704,0.0,0.0,0.0
1000,0.6,727,0.727,0.0,0.0,0.0
1000,0.6,750,0.75,0.0,0.0,0.0
1000,0.6,772,0.772,0.0,0.0,0.0
1000,0.6,795,0.795,0.0,0.0,0.0
1000,0.6,818,0.818,0.0,0.0,0.0
1000,0.6,841,0.841,0.0,0.0,0.0
1000,0.6,863,0.863,0.0,0.0,0.0
1000,0.6,886,0.886,0.0,0.0,0.0
1000,0.6,909,0.909,0.0,0.0,0.0
1000,0.6,931,0.931,0.0,0.0,0.0
1000,0.6,954,0.954,0.0,0.0,0.0
1000,0.6,977,0.977,0.0,0.0,0.0
1000,0.6,1000,1.0,0.0,0.0,0.0
1000,0.8,1,0.001,1.0,1.0,0.0
1000,0.8,23,0.023,1.0,1.0,0.0
1000,0.8,46,0.046,1.0,1.0,0.0
1000,0.8,69,0.069,1.0,1.0,0.0
1000,0.8,91,0.091,1.0,1.0,0.0
1000,0.8,114,0.114,1.0,1.0,0.0
1000,0.8,137,0.137,1.0,1.0,0.0
1000,0.8,159,0.159,1.0,1.0,0.0
1000,0.8,182,0.182,1.0,1.0,0.0
1000,0.8,205,0.205,1.0,1.0,0.0
1000,0.8,228,0.228,1.0,1.0,0.0
1000,0.8,250,0.25,1.0,1.0,0.0
1000,0.8,273,0.273,1.0,1.0,0.0
1000,0.8,296,0.296,1.0,1.0,0.0
1000,0.8,318,0.318,1.0,1.0,0.0
1000,0.8,341,0.341,1.0,1.0,0.0
1000,0.8,364,0.364,1.0,1.0,0.0
1000,0.8,386,0.386,1.0,1.0,0.0
1000,0.8,409,0.409,1.0,1.0,0.0
1000,0.8,432,0.432,1.0,1.0,0.0
1000,0.8,455,0.455,1.0,1.0,0.0
1000,0.8,477,0.477,1.0,1.0,0.0
1000,0.8,500,0.5,1.0,1.0,0.0
1000,0.8,523,0.523,1.0,1.0,0.0
1000,0.8,545,0.545,1.0,1.0,0.0
1000,0.8,568,0.568,1.0,1.0,0.0
1000,0.8,591,0.591,1.0,1.0,0.0
1000,0.8,614,0.614,1.0,1.0,0.0
1000,0.8,636,0.636,1.0,1.0,0.0
1000,0.8,659,0.659,1.0,1.0,0.0
1000,0.8,682,0.682,1.0,1.0,0.0
1000,0.8,704,0.704,1.0,1.0,0.0
1000,0.8,727,0.727,1.0,1.0,0.0
1000,0.8,750,0.75,0.999949,0.999933,1.6e-05
1000,0.8,772,0.772,0.986897,0.9872,0.000303
1000,0.8,795,0.795,0.670461,0.67,0.000461
1000,0.8,798,0.798,0.581299,0.582433,0.001134
1000,0.8,800,0.8,0.518911,0.519433,0.000522
1000,0.8,802,0.802,0.4559,0.457033,0.001133
1000,0.8,805,0.805,0.363618,0.363967,0.000348
1000,0.8,818,0.818,0.082086,0.0818,0.000286
1000,0.8,841,0.841,0.000513,0.0005,1.3e-05
1000,0.8,863,0.863,0.0,0.0,0.0
1000,0.8,886,0.886,0.0,0.0,0.0
1000,0.8,909,0.909,0.0,0.0,0.0
1000,0.8,931,0.931,0.0,0.0,0.0
1000,0.8,954,0.954,0.0,0.0,0.0
1000,0.8,977,0.977,0.0,0.0,0.0
1000,0.8,1000,1.0,0.0,0.0,0.0
1000,0.95,1,0.001,1.0,1.0,0.0
1000,0.95,23,0.023,1.0,1.0,0.0
1000,0.95,46,0.046,1.0,1.0,0.0
1000,0.95,69,0.069,1.0,1.0,0.0
1000,0.95,91,0.091,1.0,1.0,0.0
1000,0.95,114,0.114,1.0,1.0,0.0
1000,0.95,137,0.137,1.0,1.0,0.0
1000,0.95,159,0.159,1.0,1.0,0.0
1000,0.95,182,0.182,1.0,1.0,0.0
1000,0.95,205,0.205,1.0,1.0,0.0
1000,0.95,228,0.228,1.0,1.0,0.0
1000,0.95,250,0.25,1.0,1.0,0.0
1000,0.95,273,0.273,1.0,1.0,0.0
1000,0.95,296,0.296,1.0,1.0,0.0
1000,0.95,318,0.318,1.0,1.0,0.0
1000,0.95,341,0.341,1.0,1.0,0.0
1000,0.95,364,0.364,1.0,1.0,0.0
1000,0.95,386,0.386,1.0,1.0,0.0
1000,0.95,409,0.409,1.0,1.0,0.0
1000,0.95,432,0.432,1.0,1.0,0.0
1000,0.95,455,0.455,1.0,1.0,0.0
1000,0.95,477,0.477,1.0,1.0,0.0
1000,0.95,500,0.5,1.0,1.0,0.0
1000,0.95,523,0.523,1.0,1.0,0.0
1000,0.95,545,0.545,1.0,1.0,0.0
1000,0.95,568,0.568,1.0,1.0,0.0
1000,0.95,591,0.591,1.0,1.0,0.0
1000,0.95,614,0.614,1.0,1.0,0.0
1000,0.95,636,0.636,1.0,1.0,0.0
1000,0.95,659,0.659,1.0,1.0,0.0
1000,0.95,682,0.682,1.0,1.0,0.0
1000,0.95,704,0.704,1.0,1.0,0.0
1000,0.95,727,0.727,1.0,1.0,0.0
1000,0.95,750,0.75,1.0,1.0,0.0
1000,0.95,772,0.772,1.0,1.0,0.0
1000,0.95,795,0.795,1.0,1.0,0.0
1000,0.95,818,0.818,1.0,1.0,0.0
1000,0.95,841,0.841,1.0,1.0,0.0
1000,0.95,863,0.863,1.0,1.0,0.0
1000,0.95,886,0.886,1.0,1.0,0.0
1000,0.95,909,0.909,1.0,1.0,0.0
1000,0.95,931,0.931,0.996526,0.996767,0.000241
1000,0.95,945,0.945,0.789924,0.789033,0.000891
1000,0.95,948,0.948,0.648602,0.646867,0.001736
1000,0.95,950,0.95,0.537529,0.534033,0.003496
1000,0.95,952,0.952,0.422014,0.4206,0.001414
1000,0.95,954,0.954,0.311535,0.3111,0.000435
1000,0.95,955,0.955,0.260964,0.259033,0.001931
1000,0.95,977,0.977,1.1e-05,0.0,1.1e-05
1000,0.95,1000,1.0,0.0,0.0,0.0
