n,k,tipo_operacao,p,disponibilidade_teorica,disponibilidade_simulada,erro_absoluto
1,1,1 Servidor Ativo (k = 1),0.0,0.0,0.0,0.0
1,1,1 Servidor Ativo (k = 1),0.0005,0.0005,0.000567,6.7e-05
1,1,1 Servidor Ativo (k = 1),0.001,0.001,0.001233,0.000233
1,1,1 Servidor Ativo (k = 1),0.002,0.002,0.002133,0.000133
1,1,1 Servidor Ativo (k = 1),0.005,0.005,0.0055,0.0005
1,1,1 Servidor Ativo (k = 1),0.01,0.01,0.0112,0.0012
1,1,1 Servidor Ativo (k = 1),0.02,0.02,0.02,0.0
1,1,1 Servidor Ativo (k = 1),0.02941,0.029412,0.029333,7.8e-05
1,1,1 Servidor Ativo (k = 1),0.05,0.05,0.049767,0.000233
1,1,1 Servidor Ativo (k = 1),0.05882,0.058824,0.058667,0.000157
1,1,1 Servidor Ativo (k = 1),0.08824,0.088235,0.0877,0.000535
1,1,1 Servidor Ativo (k = 1),0.11765,0.117647,0.1157,0.001947
1,1,1 Servidor Ativo (k = 1),0.14706,0.147059,0.145267,0.001792
1,1,1 Servidor Ativo (k = 1),0.17647,0.176471,0.175633,0.000837
1,1,1 Servidor Ativo (k = 1),0.20588,0.205882,0.205567,0.000316
1,1,1 Servidor Ativo (k = 1),0.23529,0.235294,0.236133,0.000839
1,1,1 Servidor Ativo (k = 1),0.26471,0.264706,0.265733,0.001027
1,1,1 Servidor Ativo (k = 1),0.29412,0.294118,0.2957,0.001582
1,1,1 Servidor Ativo (k = 1),0.32353,0.323529,0.325867,0.002337
1,1,1 Servidor Ativo (k = 1),0.35294,0.352941,0.356033,0.003092
1,1,1 Servidor Ativo (k = 1),0.38235,0.382353,0.3858,0.003447
1,1,1 Servidor Ativo (k = 1),0.41176,0.411765,0.4154,0.003635
1,1,1 Servidor Ativo (k = 1),0.44118,0.441176,0.443,0.001824
1,1,1 Servidor Ativo (k = 1),0.47059,0.470588,0.471733,0.001145
1,1,1 Servidor Ativo (k = 1),0.48,0.48,0.4815,0.0015
1,1,1 Servidor Ativo (k = 1),0.49,0.49,0.491833,0.001833
1,1,1 Servidor Ativo (k = 1),0.5,0.5,0.502633,0.002633
1,1,1 Servidor Ativo (k = 1),0.51,0.51,0.508167,0.001833
1,1,1 Servidor Ativo (k = 1),0.52,0.52,0.5185,0.0015
1,1,1 Servidor Ativo (k = 1),0.52941,0.529412,0.528267,0.001145
1,1,1 Servidor Ativo (k = 1),0.55882,0.558824,0.557,0.001824
1,1,1 Servidor Ativo (k = 1),0.58824,0.588235,0.5846,0.003635
1,1,1 Servidor Ativo (k = 1),0.61765,0.617647,0.6142,0.003447
1,1,1 Servidor Ativo (k = 1),0.64706,0.647059,0.643967,0.003092
1,1,1 Servidor Ativo (k = 1),0.67647,0.676471,0.674133,0.002337
1,1,1 Servidor Ativo (k = 1),0.70588,0.705882,0.7043,0.001582
1,1,1 Servidor Ativo (k = 1),0.73529,0.735294,0.734267,0.001027
1,1,1 Servidor Ativo (k = 1),0.76471,0.764706,0.763867,0.000839
1,1,1 Servidor Ativo (k = 1),0.79412,0.794118,0.794433,0.000316
1,1,1 Servidor Ativo (k = 1),0.82353,0.823529,0.824367,0.000837
1,1,1 Servidor Ativo (k = 1),0.85294,0.852941,0.854733,0.001792
1,1,1 Servidor Ativo (k = 1),0.88235,0.882353,0.8843,0.001947
1,1,1 Servidor Ativo (k = 1),0.91176,0.911765,0.9123,0.000535
1,1,1 Servidor Ativo (k = 1),0.94118,0.941176,0.941333,0.000157
1,1,1 Servidor Ativo (k = 1),0.97059,0.970588,0.970667,7.8e-05
1,1,1 Servidor Ativo (k = 1),0.995,0.995,0.9945,0.0005
1,1,1 Servidor Ativo (k = 1),0.999,0.999,0.998767,0.000233
1,1,1 Servidor Ativo (k = 1),1.0,1.0,1.0,0.0
1,1,Metade dos Servidores (k = n/2),0.0,0.0,0.0,0.0
1,1,Metade dos Servidores (k = n/2),0.0005,0.0005,0.000567,6.7e-05
1,1,Metade dos Servidores (k = n/2),0.001,0.001,0.001233,0.000233
1,1,Metade dos Servidores (k = n/2),0.002,0.002,0.002133,0.000133
1,1,Metade dos Servidores (k = n/2),0.005,0.005,0.0055,0.0005
1,1,Metade dos Servidores (k = n/2),0.01,0.01,0.0112,0.0012
1,1,Metade dos Servidores (k = n/2),0.02,0.02,0.02,0.0
1,1,Metade dos Servidores (k = n/2),0.02941,0.029412,0.029333,7.8e-05
1,1,Metade dos Servidores (k = n/2),0.05,0.05,0.049767,0.000233
1,1,Metade dos Servidores (k = n/2),0.05882,0.058824,0.058667,0.000157
1,1,Metade dos Servidores (k = n/2),0.08824,0.088235,0.0877,0.000535
1,1,Metade dos Servidores (k = n/2),0.11765,0.117647,0.1157,0.001947
1,1,Metade dos Servidores (k = n/2),0.14706,0.147059,0.145267,0.001792
1,1,Metade dos Servidores (k = n/2),0.17647,0.176471,0.175633,0.000837
1,1,Metade dos Servidores (k = n/2),0.20588,0.205882,0.205567,0.000316
1,1,Metade dos Servidores (k = n/2),0.23529,0.235294,0.236133,0.000839
1,1,Metade dos Servidores (k = n/2),0.26471,0.264706,0.265733,0.001027
1,1,Metade dos Servidores (k = n/2),0.29412,0.294118,0.2957,0.001582
1,1,Metade dos Servidores (k = n/2),0.32353,0.323529,0.325867,0.002337
1,1,Metade dos Servidores (k = n/2),0.35294,0.352941,0.356033,0.003092
1,1,Metade dos Servidores (k = n/2),0.38235,0.382353,0.3858,0.003447
1,1,Metade dos Servidores (k = n/2),0.41176,0.411765,0.4154,0.003635
1,1,Metade dos Servidores (k = n/2),0.44118,0.441176,0.443,0.001824
1,1,Metade dos Servidores (k = n/2),0.47059,0.470588,0.471733,0.001145
1,1,Metade dos Servidores (k = n/2),0.48,0.48,0.4815,0.0015
1,1,Metade dos Servidores (k = n/2),0.49,0.49,0.491833,0.001833
1,1,Metade dos Servidores (k = n/2),0.5,0.5,0.502633,0.002633
1,1,Metade dos Servidores (k = n/2),0.51,0.51,0.508167,0.001833
1,1,Metade dos Servidores (k = n/2),0.52,0.52,0.5185,0.0015
1,1,Metade dos Servidores (k = n/2),0.52941,0.529412,0.528267,0.001145
1,1,Metade dos Servidores (k = n/2),0.55882,0.558824,0.557,0.001824
1,1,Metade dos Servidores (k = n/2),0.58824,0.588235,0.5846,0.003635
1,1,Metade dos Servidores (k = n/2),0.61765,0.617647,0.6142,0.003447
1,1,Metade dos Servidores (k = n/2),0.64706,0.647059,0.643967,0.003092
1,1,Metade dos Servidores (k = n/2),0.67647,0.676471,0.674133,0.002337
1,1,Metade dos Servidores (k = n/2),0.70588,0.705882,0.7043,0.001582
1,1,Metade dos Servidores (k = n/2),0.73529,0.735294,0.734267,0.001027
1,1,Metade dos Servidores (k = n/2),0.76471,0.764706,0.763867,0.000839
1,1,Metade dos Servidores (k = n/2),0.79412,0.794118,0.794433,0.000316
1,1,Metade dos Servidores (k = n/2),0.82353,0.823529,0.824367,0.000837
1,1,Metade dos Servidores (k = n/2),0.85294,0.852941,0.854733,0.001792
1,1,Metade dos Servidores (k = n/2),0.88235,0.882353,0.8843,0.001947
1,1,Metade dos Servidores (k = n/2),0.91176,0.911765,0.9123,0.000535
1,1,Metade dos Servidores (k = n/2),0.94118,0.941176,0.941333,0.000157
1,1,Metade dos Servidores (k = n/2),0.97059,0.970588,0.970667,7.8e-05
1,1,Metade dos Servidores (k = n/2),0.995,0.995,0.9945,0.0005
1,1,Metade dos Servidores (k = n/2),0.999,0.999,0.998767,0.000233
1,1,Metade dos Servidores (k = n/2),1.0,1.0,1.0,0.0
1,1,Todos os Servidores (k = n),0.0,0.0,0.0,0.0
1,1,Todos os Servidores (k = n),0.0005,0.0005,0.000567,6.7e-05
1,1,Todos os Servidores (k = n),0.001,0.001,0.001233,0.000233
1,1,Todos os Servidores (k = n),0.002,0.002,0.002133,0.000133
1,1,Todos os Servidores (k = n),0.005,0.005,0.0055,0.0005
1,1,Todos os Servidores (k = n),0.01,0.01,0.0112,0.0012
1,1,Todos os Servidores (k = n),0.02,0.02,0.02,0.0
1,1,Todos os Servidores (k = n),0.02941,0.029412,0.029333,7.8e-05
1,1,Todos os Servidores (k = n),0.05,0.05,0.049767,0.000233
1,1,Todos os Servidores (k = n),0.05882,0.058824,0.058667,0.000157
1,1,Todos os Servidores (k = n),0.08824,0.088235,0.0877,0.000535
1,1,Todos os Servidores (k = n),0.11765,0.117647,0.1157,0.001947
1,1,Todos os Servidores (k = n),0.14706,0.147059,0.145267,0.001792
1,1,Todos os Servidores (k = n),0.17647,0.176471,0.175633,0.000837
1,1,Todos os Servidores (k = n),0.20588,0.205882,0.205567,0.000316
1,1,Todos os Servidores (k = n),0.23529,0.235294,0.236133,0.000839
1,1,Todos os Servidores (k = n),0.26471,0.264706,0.265733,0.001027
1,1,Todos os Servidores (k = n),0.29412,0.294118,0.2957,0.001582
1,1,Todos os Servidores (k = n),0.32353,0.323529,0.325867,0.002337
1,1,Todos os Servidores (k = n),0.35294,0.352941,0.356033,0.003092
1,1,Todos os Servidores (k = n),0.38235,0.382353,0.3858,0.003447
1,1,Todos os Servidores (k = n),0.41176,0.411765,0.4154,0.003635
1,1,Todos os Servidores (k = n),0.44118,0.441176,0.443,0.001824
1,1,Todos os Servidores (k = n),0.47059,0.470588,0.471733,0.001145
1,1,Todos os Servidores (k = n),0.48,0.48,0.4815,0.0015
1,1,Todos os Servidores (k = n),0.49,0.49,0.491833,0.001833
1,1,Todos os Servidores (k = n),0.5,0.5,0.502633,0.002633
1,1,Todos os Servidores (k = n),0.51,0.51,0.508167,0.001833
1,1,Todos os Servidores (k = n),0.52,0.52,0.5185,0.0015
1,1,Todos os Servidores (k = n),0.52941,0.529412,0.528267,0.001145
1,1,Todos os Servidores (k = n),0.55882,0.558824,0.557,0.001824
1,1,Todos os Servidores (k = n),0.58824,0.588235,0.5846,0.003635
1,1,Todos os Servidores (k = n),0.61765,0.617647,0.6142,0.003447
1,1,Todos os Servidores (k = n),0.64706,0.647059,0.643967,0.003092
1,1,Todos os Servidores (k = n),0.67647,0.676471,0.674133,0.002337
1,1,Todos os Servidores (k = n),0.70588,0.705882,0.7043,0.001582
1,1,Todos os Servidores (k = n),0.73529,0.735294,0.734267,0.001027
1,1,Todos os Servidores (k = n),0.76471,0.764706,0.763867,0.000839
1,1,Todos os Servidores (k = n),0.79412,0.794118,0.794433,0.000316
1,1,Todos os Servidores (k = n),0.82353,0.823529,0.824367,0.000837
1,1,Todos os Servidores (k = n),0.85294,0.852941,0.854733,0.001792
1,1,Todos os Servidores (k = n),0.88235,0.882353,0.8843,0.001947
1,1,Todos os Servidores (k = n),0.91176,0.911765,0.9123,0.000535
1,1,Todos os Servidores (k = n),0.94118,0.941176,0.941333,0.000157
1,1,Todos os Servidores (k = n),0.97059,0.970588,0.970667,7.8e-05
1,1,Todos os Servidores (k = n),0.995,0.995,0.9945,0.0005
1,1,Todos os Servidores (k = n),0.999,0.999,0.998767,0.000233
1,1,Todos os Servidores (k = n),1.0,1.0,1.0,0.0
5,1,1 Servidor Ativo (k = 1),0.0,0.0,0.0,0.0
5,1,1 Servidor Ativo (k = 1),0.0005,0.002498,0.0028,0.000302
5,1,1 Servidor Ativo (k = 1),0.001,0.00499,0.005467,0.000477
5,1,1 Servidor Ativo (k = 1),0.002,0.00996,0.0111,0.00114
5,1,1 Servidor Ativo (k = 1),0.005,0.024751,0.025,0.000249
5,1,1 Servidor Ativo (k = 1),0.01,0.04901,0.048667,0.000343
5,1,1 Servidor Ativo (k = 1),0.02,0.096079,0.0949,0.001179
5,1,1 Servidor Ativo (k = 1),0.02941,0.138659,0.136933,0.001726
5,1,1 Servidor Ativo (k = 1),0.05,0.226219,0.2276,0.001381
5,1,1 Servidor Ativo (k = 1),0.05882,0.261492,0.262667,0.001175
5,1,1 Servidor Ativo (k = 1),0.08824,0.369894,0.373067,0.003173
5,1,1 Servidor Ativo (k = 1),0.11765,0.465175,0.466267,0.001092
5,1,1 Servidor Ativo (k = 1),0.14706,0.548565,0.550233,0.001669
5,1,1 Servidor Ativo (k = 1),0.17647,0.621213,0.622167,0.000954
5,1,1 Servidor Ativo (k = 1),0.20588,0.684191,0.684367,0.000175
5,1,1 Servidor Ativo (k = 1),0.23529,0.7385,0.738633,0.000134
5,1,1 Servidor Ativo (k = 1),0.26471,0.785066,0.7867,0.001634
5,1,1 Servidor Ativo (k = 1),0.29412,0.824749,0.824533,0.000215
5,1,1 Servidor Ativo (k = 1),0.32353,0.858341,0.860167,0.001826
5,1,1 Servidor Ativo (k = 1),0.35294,0.886572,0.887933,0.001361
5,1,1 Servidor Ativo (k = 1),0.38235,0.910112,0.9113,0.001188
5,1,1 Servidor Ativo (k = 1),0.41176,0.92957,0.929567,4e-06
5,1,1 Servidor Ativo (k = 1),0.44118,0.945503,0.945167,0.000336
5,1,1 Servidor Ativo (k = 1),0.47059,0.958412,0.957967,0.000445
5,1,1 Servidor Ativo (k = 1),0.48,0.96198,0.961433,0.000546
5,1,1 Servidor Ativo (k = 1),0.49,0.965497,0.9651,0.000397
5,1,1 Servidor Ativo (k = 1),0.5,0.96875,0.968267,0.000483
5,1,1 Servidor Ativo (k = 1),0.51,0.971752,0.971533,0.000219
5,1,1 Servidor Ativo (k = 1),0.52,0.97452,0.974367,0.000153
5,1,1 Servidor Ativo (k = 1),0.52941,0.976922,0.9767,0.000222
5,1,1 Servidor Ativo (k = 1),0.55882,0.983287,0.9827,0.000587
5,1,1 Servidor Ativo (k = 1),0.58824,0.988163,0.9873,0.000863
5,1,1 Servidor Ativo (k = 1),0.61765,0.991828,0.990667,0.001161
5,1,1 Servidor Ativo (k = 1),0.64706,0.994523,0.994,0.000523
5,1,1 Servidor Ativo (k = 1),0.67647,0.996455,0.996033,0.000422
5,1,1 Servidor Ativo (k = 1),0.70588,0.997799,0.997767,3.2e-05
5,1,1 Servidor Ativo (k = 1),0.73529,0.9987,0.998367,0.000334
5,1,1 Servidor Ativo (k = 1),0.76471,0.999279,0.999133,0.000145
5,1,1 Servidor Ativo (k = 1),0.79412,0.99963,0.999567,6.3e-05
5,1,1 Servidor Ativo (k = 1),0.82353,0.999829,0.999767,6.2e-05
5,1,1 Servidor Ativo (k = 1),0.85294,0.999931,0.999833,9.8e-05
5,1,1 Servidor Ativo (k = 1),0.88235,0.999977,0.999967,1.1e-05
5,1,1 Servidor Ativo (k = 1),0.91176,0.999995,1.0,5e-06
5,1,1 Servidor Ativo (k = 1),0.94118,0.999999,1.0,1e-06
5,1,1 Servidor Ativo (k = 1),0.97059,1.0,1.0,0.0
5,1,1 Servidor Ativo (k = 1),0.995,1.0,1.0,0.0
5,1,1 Servidor Ativo (k = 1),0.999,1.0,1.0,0.0
5,1,1 Servidor Ativo (k = 1),1.0,1.0,1.0,0.0
5,3,Metade dos Servidores (k = n/2),0.0,0.0,0.0,0.0
5,3,Metade dos Servidores (k = n/2),0.0005,0.0,0.0,0.0
5,3,Metade dos Servidores (k = n/2),0.001,0.0,0.0,0.0
5,3,Metade dos Servidores (k = n/2),0.002,0.0,0.0,0.0
5,3,Metade dos Servidores (k = n/2),0.005,1e-06,0.0,1e-06
5,3,Metade dos Servidores (k = n/2),0.01,1e-05,0.0,1e-05
5,3,Metade dos Servidores (k = n/2),0.02,7.8e-05,0.000167,8.9e-05
5,3,Metade dos Servidores (k = n/2),0.02941,0.000243,0.000267,2.3e-05
5,3,Metade dos Servidores (k = n/2),0.05,0.001158,0.001467,0.000309
5,3,Metade dos Servidores (k = n/2),0.05882,0.00186,0.002067,0.000207
5,3,Metade dos Servidores (k = n/2),0.08824,0.005992,0.006667,0.000674
5,3,Metade dos Servidores (k = n/2),0.11765,0.013545,0.0145,0.000955
5,3,Metade dos Servidores (k = n/2),0.14706,0.025201,0.025467,0.000266
5,3,Metade dos Servidores (k = n/2),0.17647,0.041436,0.041533,9.7e-05
5,3,Metade dos Servidores (k = n/2),0.20588,0.062537,0.061633,0.000904
5,3,Metade dos Servidores (k = n/2),0.23529,0.088617,0.088,0.000617
5,3,Metade dos Servidores (k = n/2),0.26471,0.11963,0.117567,0.002063
5,3,Metade dos Servidores (k = n/2),0.29412,0.155385,0.1542,0.001185
5,3,Metade dos Servidores (k = n/2),0.32353,0.195569,0.1949,0.000669
5,3,Metade dos Servidores (k = n/2),0.35294,0.239754,0.2408,0.001046
5,3,Metade dos Servidores (k = n/2),0.38235,0.287418,0.289367,0.001948
5,3,Metade dos Servidores (k = n/2),0.41176,0.337961,0.339667,0.001705
5,3,Metade dos Servidores (k = n/2),0.44118,0.390719,0.394533,0.003814
5,3,Metade dos Servidores (k = n/2),0.47059,0.44498,0.446867,0.001887
5,3,Metade dos Servidores (k = n/2),0.48,0.46254,0.463533,0.000993
5,3,Metade dos Servidores (k = n/2),0.49,0.481255,0.4828,0.001545
5,3,Metade dos Servidores (k = n/2),0.5,0.5,0.502633,0.002633
5,3,Metade dos Servidores (k = n/2),0.51,0.518745,0.5172,0.001545
5,3,Metade dos Servidores (k = n/2),0.52,0.53746,0.536467,0.000993
5,3,Metade dos Servidores (k = n/2),0.52941,0.55502,0.553133,0.001887
5,3,Metade dos Servidores (k = n/2),0.55882,0.609281,0.605467,0.003814
5,3,Metade dos Servidores (k = n/2),0.58824,0.662039,0.660333,0.001705
5,3,Metade dos Servidores (k = n/2),0.61765,0.712582,0.710633,0.001948
5,3,Metade dos Servidores (k = n/2),0.64706,0.760246,0.7592,0.001046
5,3,Metade dos Servidores (k = n/2),0.67647,0.804431,0.8051,0.000669
5,3,Metade dos Servidores (k = n/2),0.70588,0.844615,0.8458,0.001185
5,3,Metade dos Servidores (k = n/2),0.73529,0.88037,0.882433,0.002063
5,3,Metade dos Servidores (k = n/2),0.76471,0.911383,0.912,0.000617
5,3,Metade dos Servidores (k = n/2),0.79412,0.937463,0.938367,0.000904
5,3,Metade dos Servidores (k = n/2),0.82353,0.958564,0.958467,9.7e-05
5,3,Metade dos Servidores (k = n/2),0.85294,0.974799,0.974533,0.000266
5,3,Metade dos Servidores (k = n/2),0.88235,0.986455,0.9855,0.000955
5,3,Metade dos Servidores (k = n/2),0.91176,0.994008,0.993333,0.000674
5,3,Metade dos Servidores (k = n/2),0.94118,0.99814,0.997933,0.000207
5,3,Metade dos Servidores (k = n/2),0.97059,0.999757,0.999733,2.3e-05
5,3,Metade dos Servidores (k = n/2),0.995,0.999999,1.0,1e-06
5,3,Metade dos Servidores (k = n/2),0.999,1.0,1.0,0.0
5,3,Metade dos Servidores (k = n/2),1.0,1.0,1.0,0.0
5,5,Todos os Servidores (k = n),0.0,0.0,0.0,0.0
5,5,Todos os Servidores (k = n),0.0005,0.0,0.0,0.0
5,5,Todos os Servidores (k = n),0.001,0.0,0.0,0.0
5,5,Todos os Servidores (k = n),0.002,0.0,0.0,0.0
5,5,Todos os Servidores (k = n),0.005,0.0,0.0,0.0
5,5,Todos os Servidores (k = n),0.01,0.0,0.0,0.0
5,5,Todos os Servidores (k = n),0.02,0.0,0.0,0.0
5,5,Todos os Servidores (k = n),0.02941,0.0,0.0,0.0
5,5,Todos os Servidores (k = n),0.05,0.0,0.0,0.0
5,5,Todos os Servidores (k = n),0.05882,1e-06,0.0,1e-06
5,5,Todos os Servidores (k = n),0.08824,5e-06,0.0,5e-06
5,5,Todos os Servidores (k = n),0.11765,2.3e-05,3.3e-05,1.1e-05
5,5,Todos os Servidores (k = n),0.14706,6.9e-05,0.000167,9.8e-05
5,5,Todos os Servidores (k = n),0.17647,0.000171,0.000233,6.2e-05
5,5,Todos os Servidores (k = n),0.20588,0.00037,0.000433,6.3e-05
5,5,Todos os Servidores (k = n),0.23529,0.000721,0.000867,0.000145
5,5,Todos os Servidores (k = n),0.26471,0.0013,0.001633,0.000334
5,5,Todos os Servidores (k = n),0.29412,0.002201,0.002233,3.2e-05
5,5,Todos os Servidores (k = n),0.32353,0.003545,0.003967,0.000422
5,5,Todos os Servidores (k = n),0.35294,0.005477,0.006,0.000523
5,5,Todos os Servidores (k = n),0.38235,0.008172,0.009333,0.001161
5,5,Todos os Servidores (k = n),0.41176,0.011837,0.0127,0.000863
5,5,Todos os Servidores (k = n),0.44118,0.016713,0.0173,0.000587
5,5,Todos os Servidores (k = n),0.47059,0.023078,0.0233,0.000222
5,5,Todos os Servidores (k = n),0.48,0.02548,0.025633,0.000153
5,5,Todos os Servidores (k = n),0.49,0.028248,0.028467,0.000219
5,5,Todos os Servidores (k = n),0.5,0.03125,0.0313,5e-05
5,5,Todos os Servidores (k = n),0.51,0.034503,0.0349,0.000397
5,5,Todos os Servidores (k = n),0.52,0.03802,0.038567,0.000546
5,5,Todos os Servidores (k = n),0.52941,0.041588,0.042033,0.000445
5,5,Todos os Servidores (k = n),0.55882,0.054497,0.054833,0.000336
5,5,Todos os Servidores (k = n),0.58824,0.07043,0.070433,4e-06
5,5,Todos os Servidores (k = n),0.61765,0.089888,0.0887,0.001188
5,5,Todos os Servidores (k = n),0.64706,0.113428,0.112067,0.001361
5,5,Todos os Servidores (k = n),0.67647,0.141659,0.139833,0.001826
5,5,Todos os Servidores (k = n),0.70588,0.175251,0.175467,0.000215
5,5,Todos os Servidores (k = n),0.73529,0.214934,0.2133,0.001634
5,5,Todos os Servidores (k = n),0.76471,0.2615,0.261367,0.000134
5,5,Todos os Servidores (k = n),0.79412,0.315809,0.315633,0.000175
5,5,Todos os Servidores (k = n),0.82353,0.378787,0.377833,0.000954
5,5,Todos os Servidores (k = n),0.85294,0.451435,0.449767,0.001669
5,5,Todos os Servidores (k = n),0.88235,0.534825,0.533733,0.001092
5,5,Todos os Servidores (k = n),0.91176,0.630106,0.626933,0.003173
5,5,Todos os Servidores (k = n),0.94118,0.738508,0.737333,0.001175
5,5,Todos os Servidores (k = n),0.97059,0.861341,0.863067,0.001726
5,5,Todos os Servidores (k = n),0.995,0.975249,0.975,0.000249
5,5,Todos os Servidores (k = n),0.999,0.99501,0.994533,0.000477
5,5,Todos os Servidores (k = n),1.0,1.0,1.0,0.0
100,1,1 Servidor Ativo (k = 1),0.0,0.0,0.0,0.0
100,1,1 Servidor Ativo (k = 1),0.0005,0.048782,0.048433,0.000349
100,1,1 Servidor Ativo (k = 1),0.001,0.095208,0.094233,0.000975
100,1,1 Servidor Ativo (k = 1),0.002,0.181433,0.180567,0.000867
100,1,1 Servidor Ativo (k = 1),0.005,0.39423,0.3985,0.00427
100,1,1 Servidor Ativo (k = 1),0.01,0.633968,0.634133,0.000166
100,1,1 Servidor Ativo (k = 1),0.02,0.86738,0.869,0.00162
100,1,1 Servidor Ativo (k = 1),0.02941,0.949475,0.949367,0.000109
100,1,1 Servidor Ativo (k = 1),0.05,0.994079,0.992933,0.001146
100,1,1 Servidor Ativo (k = 1),0.05882,0.997671,0.997433,0.000238
100,1,1 Servidor Ativo (k = 1),0.08824,0.999903,0.999867,3.6e-05
100,1,1 Servidor Ativo (k = 1),0.11765,0.999996,1.0,4e-06
100,1,1 Servidor Ativo (k = 1),0.14706,1.0,1.0,0.0
100,1,1 Servidor Ativo (k = 1),0.17647,1.0,1.0,0.0
100,1,1 Servidor Ativo (k = 1),0.20588,1.0,1.0,0.0
100,1,1 Servidor Ativo (k = 1),0.23529,1.0,1.0,0.0
100,1,1 Servidor Ativo (k = 1),0.26471,1.0,1.0,0.0
100,1,1 Servidor Ativo (k = 1),0.29412,1.0,1.0,0.0
100,1,1 Servidor Ativo (k = 1),0.32353,1.0,1.0,0.0
100,1,1 Servidor Ativo (k = 1),0.35294,1.0,1.0,0.0
100,1,1 Servidor Ativo (k = 1),0.38235,1.0,1.0,0.0
100,1,1 Servidor Ativo (k = 1),0.41176,1.0,1.0,0.0
100,1,1 Servidor Ativo (k = 1),0.44118,1.0,1.0,0.0
100,1,1 Servidor Ativo (k = 1),0.47059,1.0,1.0,0.0
100,1,1 Servidor Ativo (k = 1),0.48,1.0,1.0,0.0
100,1,1 Servidor Ativo (k = 1),0.49,1.0,1.0,0.0
100,1,1 Servidor Ativo (k = 1),0.5,1.0,1.0,0.0
100,1,1 Servidor Ativo (k = 1),0.51,1.0,1.0,0.0
100,1,1 Servidor Ativo (k = 1),0.52,1.0,1.0,0.0
100,1,1 Servidor Ativo (k = 1),0.52941,1.0,1.0,0.0
100,1,1 Servidor Ativo (k = 1),0.55882,1.0,1.0,0.0
100,1,1 Servidor Ativo (k = 1),0.58824,1.0,1.0,0.0
100,1,1 Servidor Ativo (k = 1),0.61765,1.0,1.0,0.0
100,1,1 Servidor Ativo (k = 1),0.64706,1.0,1.0,0.0
100,1,1 Servidor Ativo (k = 1),0.67647,1.0,1.0,0.0
100,1,1 Servidor Ativo (k = 1),0.70588,1.0,1.0,0.0
100,1,1 Servidor Ativo (k = 1),0.73529,1.0,1.0,0.0
100,1,1 Servidor Ativo (k = 1),0.76471,1.0,1.0,0.0
100,1,1 Servidor Ativo (k = 1),0.79412,1.0,1.0,0.0
100,1,1 Servidor Ativo (k = 1),0.82353,1.0,1.0,0.0
100,1,1 Servidor Ativo (k = 1),0.85294,1.0,1.0,0.0
100,1,1 Servidor Ativo (k = 1),0.88235,1.0,1.0,0.0
100,1,1 Servidor Ativo (k = 1),0.91176,1.0,1.0,0.0
100,1,1 Servidor Ativo (k = 1),0.94118,1.0,1.0,0.0
100,1,1 Servidor Ativo (k = 1),0.97059,1.0,1.0,0.0
100,1,1 Servidor Ativo (k = 1),0.995,1.0,1.0,0.0
100,1,1 Servidor Ativo (k = 1),0.999,1.0,1.0,0.0
100,1,1 Servidor Ativo (k = 1),1.0,1.0,1.0,0.0
100,50,Metade dos Servidores (k = n/2),0.0,0.0,0.0,0.0
100,50,Metade dos Servidores (k = n/2),0.0005,0.0,0.0,0.0
100,50,Metade dos Servidores (k = n/2),0.001,0.0,0.0,0.0
100,50,Metade dos Servidores (k = n/2),0.002,0.0,0.0,0.0
100,50,Metade dos Servidores (k = n/2),0.005,0.0,0.0,0.0
100,50,Metade dos Servidores (k = n/2),0.01,0.0,0.0,0.0
100,50,Metade dos Servidores (k = n/2),0.02,0.0,0.0,0.0
100,50,Metade dos Servidores (k = n/2),0.02941,0.0,0.0,0.0
100,50,Metade dos Servidores (k = n/2),0.05,0.0,0.0,0.0
100,50,Metade dos Servidores (k = n/2),0.05882,0.0,0.0,0.0
100,50,Metade dos Servidores (k = n/2),0.08824,0.0,0.0,0.0
100,50,Metade dos Servidores (k = n/2),0.11765,0.0,0.0,0.0
100,50,Metade dos Servidores (k = n/2),0.14706,0.0,0.0,0.0
100,50,Metade dos Servidores (k = n/2),0.17647,0.0,0.0,0.0
100,50,Metade dos Servidores (k = n/2),0.20588,0.0,0.0,0.0
100,50,Metade dos Servidores (k = n/2),0.23529,0.0,0.0,0.0
100,50,Metade dos Servidores (k = n/2),0.26471,0.0,0.0,0.0
100,50,Metade dos Servidores (k = n/2),0.29412,1.2e-05,0.0,1.2e-05
100,50,Metade dos Servidores (k = n/2),0.32353,0.000189,0.0001,8.9e-05
100,50,Metade dos Servidores (k = n/2),0.35294,0.001779,0.001633,0.000146
100,50,Metade dos Servidores (k = n/2),0.38235,0.01095,0.011967,0.001017
100,50,Metade dos Servidores (k = n/2),0.41176,0.046192,0.046067,0.000126
100,50,Metade dos Servidores (k = n/2),0.44118,0.139296,0.137667,0.001629
100,50,Metade dos Servidores (k = n/2),0.47059,0.311972,0.311167,0.000805
100,50,Metade dos Servidores (k = n/2),0.48,0.38162,0.38,0.00162
100,50,Metade dos Servidores (k = n/2),0.49,0.459934,0.461467,0.001532
100,50,Metade dos Servidores (k = n/2),0.5,0.539795,0.5402,0.000405
100,50,Metade dos Servidores (k = n/2),0.51,0.618079,0.619367,0.001288
100,50,Metade dos Servidores (k = n/2),0.52,0.691845,0.692867,0.001021
100,50,Metade dos Servidores (k = n/2),0.52941,0.754953,0.757367,0.002414
100,50,Metade dos Servidores (k = n/2),0.55882,0.900351,0.9021,0.001749
100,50,Metade dos Servidores (k = n/2),0.58824,0.970171,0.971567,0.001396
100,50,Metade dos Servidores (k = n/2),0.61765,0.993665,0.9931,0.000565
100,50,Metade dos Servidores (k = n/2),0.64706,0.999084,0.999167,8.3e-05
100,50,Metade dos Servidores (k = n/2),0.67647,0.999914,0.999967,5.2e-05
100,50,Metade dos Servidores (k = n/2),0.70588,0.999995,1.0,5e-06
100,50,Metade dos Servidores (k = n/2),0.73529,1.0,1.0,0.0
100,50,Metade dos Servidores (k = n/2),0.76471,1.0,1.0,0.0
100,50,Metade dos Servidores (k = n/2),0.79412,1.0,1.0,0.0
100,50,Metade dos Servidores (k = n/2),0.82353,1.0,1.0,0.0
100,50,Metade dos Servidores (k = n/2),0.85294,1.0,1.0,0.0
100,50,Metade dos Servidores (k = n/2),0.88235,1.0,1.0,0.0
100,50,Metade dos Servidores (k = n/2),0.91176,1.0,1.0,0.0
100,50,Metade dos Servidores (k = n/2),0.94118,1.0,1.0,0.0
100,50,Metade dos Servidores (k = n/2),0.97059,1.0,1.0,0.0
100,50,Metade dos Servidores (k = n/2),0.995,1.0,1.0,0.0
100,50,Metade dos Servidores (k = n/2),0.999,1.0,1.0,0.0
100,50,Metade dos Servidores (k = n/2),1.0,1.0,1.0,0.0
100,100,Todos os Servidores (k = n),0.0,0.0,0.0,0.0
100,100,Todos os Servidores (k = n),0.0005,0.0,0.0,0.0
100,100,Todos os Servidores (k = n),0.001,0.0,0.0,0.0
100,100,Todos os Servidores (k = n),0.002,0.0,0.0,0.0
100,100,Todos os Servidores (k = n),0.005,0.0,0.0,0.0
100,100,Todos os Servidores (k = n),0.01,0.0,0.0,0.0
100,100,Todos os Servidores (k = n),0.02,0.0,0.0,0.0
100,100,Todos os Servidores (k = n),0.02941,0.0,0.0,0.0
100,100,Todos os Servidores (k = n),0.05,0.0,0.0,0.0
100,100,Todos os Servidores (k = n),0.05882,0.0,0.0,0.0
100,100,Todos os Servidores (k = n),0.08824,0.0,0.0,0.0
100,100,Todos os Servidores (k = n),0.11765,0.0,0.0,0.0
100,100,Todos os Servidores (k = n),0.14706,0.0,0.0,0.0
100,100,Todos os Servidores (k = n),0.17647,0.0,0.0,0.0
100,100,Todos os Servidores (k = n),0.20588,0.0,0.0,0.0
100,100,Todos os Servidores (k = n),0.23529,0.0,0.0,0.0
100,100,Todos os Servidores (k = n),0.26471,0.0,0.0,0.0
100,100,Todos os Servidores (k = n),0.29412,0.0,0.0,0.0
100,100,Todos os Servidores (k = n),0.32353,0.0,0.0,0.0
100,100,Todos os Servidores (k = n),0.35294,0.0,0.0,0.0
100,100,Todos os Servidores (k = n),0.38235,0.0,0.0,0.0
100,100,Todos os Servidores (k = n),0.41176,0.0,0.0,0.0
100,100,Todos os Servidores (k = n),0.44118,0.0,0.0,0.0
100,100,Todos os Servidores (k = n),0.47059,0.0,0.0,0.0
100,100,Todos os Servidores (k = n),0.48,0.0,0.0,0.0
100,100,Todos os Servidores (k = n),0.49,0.0,0.0,0.0
100,100,Todos os Servidores (k = n),0.5,0.0,0.0,0.0
100,100,Todos os Servidores (k = n),0.51,0.0,0.0,0.0
100,100,Todos os Servidores (k = n),0.52,0.0,0.0,0.0
100,100,Todos os Servidores (k = n),0.52941,0.0,0.0,0.0
100,100,Todos os Servidores (k = n),0.55882,0.0,0.0,0.0
100,100,Todos os Servidores (k = n),0.58824,0.0,0.0,0.0
100,100,Todos os Servidores (k = n),0.61765,0.0,0.0,0.0
100,100,Todos os Servidores (k = n),0.64706,0.0,0.0,0.0
100,100,Todos os Servidores (k = n),0.67647,0.0,0.0,0.0
100,100,Todos os Servidores (k = n),0.70588,0.0,0.0,0.0
100,100,Todos os Servidores (k = n),0.73529,0.0,0.0,0.0
100,100,Todos os Servidores (k = n),0.76471,0.0,0.0,0.0
100,100,Todos os Servidores (k = n),0.79412,0.0,0.0,0.0
100,100,Todos os Servidores (k = n),0.82353,0.0,0.0,0.0
100,100,Todos os Servidores (k = n),0.85294,0.0,0.0,0.0
100,100,Todos os Servidores (k = n),0.88235,4e-06,0.0,4e-06
100,100,Todos os Servidores (k = n),0.91176,9.7e-05,0.000133,3.6e-05
100,100,Todos os Servidores (k = n),0.94118,0.002329,0.002567,0.000238
100,100,Todos os Servidores (k = n),0.97059,0.050525,0.050633,0.000109
100,100,Todos os Servidores (k = n),0.995,0.60577,0.6015,0.00427
100,100,Todos os Servidores (k = n),0.999,0.904792,0.905767,0.000975
100,100,Todos os Servidores (k = n),1.0,1.0,1.0,0.0
1000,1,1 Servidor Ativo (k = 1),0.0,0.0,0.0,0.0
1000,1,1 Servidor Ativo (k = 1),0.0005,0.393545,0.397567,0.004021
1000,1,1 Servidor Ativo (k = 1),0.001,0.632305,0.632533,0.000229
1000,1,1 Servidor Ativo (k = 1),0.002,0.864935,0.8668,0.001865
1000,1,1 Servidor Ativo (k = 1),0.005,0.993346,0.992333,0.001013
1000,1,1 Servidor Ativo (k = 1),0.01,0.999957,0.999933,2.3e-05
1000,1,1 Servidor Ativo (k = 1),0.02,1.0,1.0,0.0
1000,1,1 Servidor Ativo (k = 1),0.02941,1.0,1.0,0.0
1000,1,1 Servidor Ativo (k = 1),0.05,1.0,1.0,0.0
1000,1,1 Servidor Ativo (k = 1),0.05882,1.0,1.0,0.0
1000,1,1 Servidor Ativo (k = 1),0.08824,1.0,1.0,0.0
1000,1,1 Servidor Ativo (k = 1),0.11765,1.0,1.0,0.0
1000,1,1 Servidor Ativo (k = 1),0.14706,1.0,1.0,0.0
1000,1,1 Servidor Ativo (k = 1),0.17647,1.0,1.0,0.0
1000,1,1 Servidor Ativo (k = 1),0.20588,1.0,1.0,0.0
1000,1,1 Servidor Ativo (k = 1),0.23529,1.0,1.0,0.0
1000,1,1 Servidor Ativo (k = 1),0.26471,1.0,1.0,0.0
1000,1,1 Servidor Ativo (k = 1),0.29412,1.0,1.0,0.0
1000,1,1 Servidor Ativo (k = 1),0.32353,1.0,1.0,0.0
1000,1,1 Servidor Ativo (k = 1),0.35294,1.0,1.0,0.0
1000,1,1 Servidor Ativo (k = 1),0.38235,1.0,1.0,0.0
1000,1,1 Servidor Ativo (k = 1),0.41176,1.0,1.0,0.0
1000,1,1 Servidor Ativo (k = 1),0.44118,1.0,1.0,0.0
1000,1,1 Servidor Ativo (k = 1),0.47059,1.0,1.0,0.0
1000,1,1 Servidor Ativo (k = 1),0.48,1.0,1.0,0.0
1000,1,1 Servidor Ativo (k = 1),0.49,1.0,1.0,0.0
1000,1,1 Servidor Ativo (k = 1),0.5,1.0,1.0,0.0
1000,1,1 Servidor Ativo (k = 1),0.51,1.0,1.0,0.0
1000,1,1 Servidor Ativo (k = 1),0.52,1.0,1.0,0.0
1000,1,1 Servidor Ativo (k = 1),0.52941,1.0,1.0,0.0
1000,1,1 Servidor Ativo (k = 1),0.55882,1.0,1.0,0.0
1000,1,1 Servidor Ativo (k = 1),0.58824,1.0,1.0,0.0
1000,1,1 Servidor Ativo (k = 1),0.61765,1.0,1.0,0.0
1000,1,1 Servidor Ativo (k = 1),0.64706,1.0,1.0,0.0
1000,1,1 Servidor Ativo (k = 1),0.67647,1.0,1.0,0.0
1000,1,1 Servidor Ativo (k = 1),0.70588,1.0,1.0,0.0
1000,1,1 Servidor Ativo (k = 1),0.73529,1.0,1.0,0.0
1000,1,1 Servidor Ativo (k = 1),0.76471,1.0,1.0,0.0
1000,1,1 Servidor Ativo (k = 1),0.79412,1.0,1.0,0.0
1000,1,1 Servidor Ativo (k = 1),0.82353,1.0,1.0,0.0
1000,1,1 Servidor Ativo (k = 1),0.85294,1.0,1.0,0.0
1000,1,1 Servidor Ativo (k = 1),0.88235,1.0,1.0,0.0
1000,1,1 Servidor Ativo (k = 1),0.91176,1.0,1.0,0.0
1000,1,1 Servidor Ativo (k = 1),0.94118,1.0,1.0,0.0
1000,1,1 Servidor Ativo (k = 1),0.97059,1.0,1.0,0.0
1000,1,1 Servidor Ativo (k = 1),0.995,1.0,1.0,0.0
1000,1,1 Servidor Ativo (k = 1),0.999,1.0,1.0,0.0
1000,1,1 Servidor Ativo (k = 1),1.0,1.0,1.0,0.0
1000,500,Metade dos Servidores (k = n/2),0.0,0.0,0.0,0.0
1000,500,Metade dos Servidores (k = n/2),0.0005,0.0,0.0,0.0
1000,500,Metade dos Servidores (k = n/2),0.001,0.0,0.0,0.0
1000,500,Metade dos Servidores (k = n/2),0.002,0.0,0.0,0.0
1000,500,Metade dos Servidores (k = n/2),0.005,0.0,0.0,0.0
1000,500,Metade dos Servidores (k = n/2),0.01,0.0,0.0,0.0
1000,500,Metade dos Servidores (k = n/2),0.02,0.0,0.0,0.0
1000,500,Metade dos Servidores (k = n/2),0.02941,0.0,0.0,0.0
1000,500,Metade dos Servidores (k = n/2),0.05,0.0,0.0,0.0
1000,500,Metade dos Servidores (k = n/2),0.05882,0.0,0.0,0.0
1000,500,Metade dos Servidores (k = n/2),0.08824,0.0,0.0,0.0
1000,500,Metade dos Servidores (k = n/2),0.11765,0.0,0.0,0.0
1000,500,Metade dos Servidores (k = n/2),0.14706,0.0,0.0,0.0
1000,500,Metade dos Servidores (k = n/2),0.17647,0.0,0.0,0.0
1000,500,Metade dos Servidores (k = n/2),0.20588,0.0,0.0,0.0
1000,500,Metade dos Servidores (k = n/2),0.23529,0.0,0.0,0.0
1000,500,Metade dos Servidores (k = n/2),0.26471,0.0,0.0,0.0
1000,500,Metade dos Servidores (k = n/2),0.29412,0.0,0.0,0.0
1000,500,Metade dos Servidores (k = n/2),0.32353,0.0,0.0,0.0
1000,500,Metade dos Servidores (k = n/2),0.35294,0.0,0.0,0.0
1000,500,Metade dos Servidores (k = n/2),0.38235,0.0,0.0,0.0
1000,500,Metade dos Servidores (k = n/2),0.41176,0.0,0.0,0.0
1000,500,Metade dos Servidores (k = n/2),0.44118,0.000107,3.3e-05,7.3e-05
1000,500,Metade dos Servidores (k = n/2),0.47059,0.033579,0.033167,0.000413
1000,500,Metade dos Servidores (k = n/2),0.48,0.108581,0.107133,0.001448
1000,500,Metade dos Servidores (k = n/2),0.49,0.273901,0.2758,0.001899
1000,500,Metade dos Servidores (k = n/2),0.5,0.512613,0.511133,0.001479
1000,500,Metade dos Servidores (k = n/2),0.51,0.74675,0.7457,0.00105
1000,500,Metade dos Servidores (k = n/2),0.52,0.902746,0.904133,0.001387
1000,500,Metade dos Servidores (k = n/2),0.52941,0.970879,0.970933,5.4e-05
1000,500,Metade dos Servidores (k = n/2),0.55882,0.999917,0.999967,5e-05
1000,500,Metade dos Servidores (k = n/2),0.58824,1.0,1.0,0.0
1000,500,Metade dos Servidores (k = n/2),0.61765,1.0,1.0,0.0
1000,500,Metade dos Servidores (k = n/2),0.64706,1.0,1.0,0.0
1000,500,Metade dos Servidores (k = n/2),0.67647,1.0,1.0,0.0
1000,500,Metade dos Servidores (k = n/2),0.70588,1.0,1.0,0.0
1000,500,Metade dos Servidores (k = n/2),0.73529,1.0,1.0,0.0
1000,500,Metade dos Servidores (k = n/2),0.76471,1.0,1.0,0.0
1000,500,Metade dos Servidores (k = n/2),0.79412,1.0,1.0,0.0
1000,500,Metade dos Servidores (k = n/2),0.82353,1.0,1.0,0.0
1000,500,Metade dos Servidores (k = n/2),0.85294,1.0,1.0,0.0
1000,500,Metade dos Servidores (k = n/2),0.88235,1.0,1.0,0.0
1000,500,Metade dos Servidores (k = n/2),0.91176,1.0,1.0,0.0
1000,500,Metade dos Servidores (k = n/2),0.94118,1.0,1.0,0.0
1000,500,Metade dos Servidores (k = n/2),0.97059,1.0,1.0,0.0
1000,500,Metade dos Servidores (k = n/2),0.995,1.0,1.0,0.0
1000,500,Metade dos Servidores (k = n/2),0.999,1.0,1.0,0.0
1000,500,Metade dos Servidores (k = n/2),1.0,1.0,1.0,0.0
1000,1000,Todos os Servidores (k = n),0.0,0.0,0.0,0.0
1000,1000,Todos os Servidores (k = n),0.0005,0.0,0.0,0.0
1000,1000,Todos os Servidores (k = n),0.001,0.0,0.0,0.0
1000,1000,Todos os Servidores (k = n),0.002,0.0,0.0,0.0
1000,1000,Todos os Servidores (k = n),0.005,0.0,0.0,0.0
1000,1000,Todos os Servidores (k = n),0.01,0.0,0.0,0.0
1000,1000,Todos os Servidores (k = n),0.02,0.0,0.0,0.0
1000,1000,Todos os Servidores (k = n),0.02941,0.0,0.0,0.0
1000,1000,Todos os Servidores (k = n),0.05,0.0,0.0,0.0
1000,1000,Todos os Servidores (k = n),0.05882,0.0,0.0,0.0
1000,1000,Todos os Servidores (k = n),0.08824,0.0,0.0,0.0
1000,1000,Todos os Servidores (k = n),0.11765,0.0,0.0,0.0
1000,1000,Todos os Servidores (k = n),0.14706,0.0,0.0,0.0
1000,1000,Todos os Servidores (k = n),0.17647,0.0,0.0,0.0
1000,1000,Todos os Servidores (k = n),0.20588,0.0,0.0,0.0
1000,1000,Todos os Servidores (k = n),0.23529,0.0,0.0,0.0
1000,1000,Todos os Servidores (k = n),0.26471,0.0,0.0,0.0
1000,1000,Todos os Servidores (k = n),0.29412,0.0,0.0,0.0
1000,1000,Todos os Servidores (k = n),0.32353,0.0,0.0,0.0
1000,1000,Todos os Servidores (k = n),0.35294,0.0,0.0,0.0
1000,1000,Todos os Servidores (k = n),0.38235,0.0,0.0,0.0
1000,1000,Todos os Servidores (k = n),0.41176,0.0,0.0,0.0
1000,1000,Todos os Servidores (k = n),0.44118,0.0,0.0,0.0
1000,1000,Todos os Servidores (k = n),0.47059,0.0,0.0,0.0
1000,1000,Todos os Servidores (k = n),0.48,0.0,0.0,0.0
1000,1000,Todos os Servidores (k = n),0.49,0.0,0.0,0.0
1000,1000,Todos os Servidores (k = n),0.5,0.0,0.0,0.0
1000,1000,Todos os Servidores (k = n),0.51,0.0,0.0,0.0
1000,1000,Todos os Servidores (k = n),0.52,0.0,0.0,0.0
1000,1000,Todos os Servidores (k = n),0.52941,0.0,0.0,0.0
1000,1000,Todos os Servidores (k = n),0.55882,0.0,0.0,0.0
1000,1000,Todos os Servidores (k = n),0.58824,0.0,0.0,0.0
1000,1000,Todos os Servidores (k = n),0.61765,0.0,0.0,0.0
1000,1000,Todos os Servidores (k = n),0.64706,0.0,0.0,0.0
1000,1000,Todos os Servidores (k = n),0.67647,0.0,0.0,0.0
1000,1000,Todos os Servidores (k = n),0.70588,0.0,0.0,0.0
1000,1000,Todos os Servidores (k = n),0.73529,0.0,0.0,0.0
1000,1000,Todos os Servidores (k = n),0.76471,0.0,0.0,0.0
1000,1000,Todos os Servidores (k = n),0.79412,0.0,0.0,0.0
1000,1000,Todos os Servidores (k = n),0.82353,0.0,0.0,0.0
1000,1000,Todos os Servidores (k = n),0.85294,0.0,0.0,0.0
1000,1000,Todos os Servidores (k = n),0.88235,0.0,0.0,0.0
1000,1000,Todos os Servidores (k = n),0.91176,0.0,0.0,0.0
1000,1000,Todos os Servidores (k = n),0.94118,0.0,0.0,0.0
1000,1000,Todos os Servidores (k = n),0.97059,0.0,0.0,0.0
1000,1000,Todos os Servidores (k = n),0.995,0.006654,0.007667,0.001013
1000,1000,Todos os Servidores (k = n),0.999,0.367695,0.367467,0.000229
1000,1000,Todos os Servidores (k = n),1.0,1.0,1.0,0.0
10000,1,1 Servidor Ativo (k = 1),0.0,0.0,0.0,0.0
10000,1,1 Servidor Ativo (k = 1),0.0005,0.99327,0.992233,0.001037
10000,1,1 Servidor Ativo (k = 1),0.001,0.999955,0.999933,2.1e-05
10000,1,1 Servidor Ativo (k = 1),0.002,1.0,1.0,0.0
10000,1,1 Servidor Ativo (k = 1),0.005,1.0,1.0,0.0
10000,1,1 Servidor Ativo (k = 1),0.01,1.0,1.0,0.0
10000,1,1 Servidor Ativo (k = 1),0.02,1.0,1.0,0.0
10000,1,1 Servidor Ativo (k = 1),0.02941,1.0,1.0,0.0
10000,1,1 Servidor Ativo (k = 1),0.05,1.0,1.0,0.0
10000,1,1 Servidor Ativo (k = 1),0.05882,1.0,1.0,0.0
10000,1,1 Servidor Ativo (k = 1),0.08824,1.0,1.0,0.0
10000,1,1 Servidor Ativo (k = 1),0.11765,1.0,1.0,0.0
10000,1,1 Servidor Ativo (k = 1),0.14706,1.0,1.0,0.0
10000,1,1 Servidor Ativo (k = 1),0.17647,1.0,1.0,0.0
10000,1,1 Servidor Ativo (k = 1),0.20588,1.0,1.0,0.0
10000,1,1 Servidor Ativo (k = 1),0.23529,1.0,1.0,0.0
10000,1,1 Servidor Ativo (k = 1),0.26471,1.0,1.0,0.0
10000,1,1 Servidor Ativo (k = 1),0.29412,1.0,1.0,0.0
10000,1,1 Servidor Ativo (k = 1),0.32353,1.0,1.0,0.0
10000,1,1 Servidor Ativo (k = 1),0.35294,1.0,1.0,0.0
10000,1,1 Servidor Ativo (k = 1),0.38235,1.0,1.0,0.0
10000,1,1 Servidor Ativo (k = 1),0.41176,1.0,1.0,0.0
10000,1,1 Servidor Ativo (k = 1),0.44118,1.0,1.0,0.0
10000,1,1 Servidor Ativo (k = 1),0.47059,1.0,1.0,0.0
10000,1,1 Servidor Ativo (k = 1),0.48,1.0,1.0,0.0
10000,1,1 Servidor Ativo (k = 1),0.49,1.0,1.0,0.0
10000,1,1 Servidor Ativo (k = 1),0.5,1.0,1.0,0.0
10000,1,1 Servidor Ativo (k = 1),0.51,1.0,1.0,0.0
10000,1,1 Servidor Ativo (k = 1),0.52,1.0,1.0,0.0
10000,1,1 Servidor Ativo (k = 1),0.52941,1.0,1.0,0.0
10000,1,1 Servidor Ativo (k = 1),0.55882,1.0,1.0,0.0
10000,1,1 Servidor Ativo (k = 1),0.58824,1.0,1.0,0.0
10000,1,1 Servidor Ativo (k = 1),0.61765,1.0,1.0,0.0
10000,1,1 Servidor Ativo (k = 1),0.64706,1.0,1.0,0.0
10000,1,1 Servidor Ativo (k = 1),0.67647,1.0,1.0,0.0
10000,1,1 Servidor Ativo (k = 1),0.70588,1.0,1.0,0.0
10000,1,1 Servidor Ativo (k = 1),0.73529,1.0,1.0,0.0
10000,1,1 Servidor Ativo (k = 1),0.76471,1.0,1.0,0.0
10000,1,1 Servidor Ativo (k = 1),0.79412,1.0,1.0,0.0
10000,1,1 Servidor Ativo (k = 1),0.82353,1.0,1.0,0.0
10000,1,1 Servidor Ativo (k = 1),0.85294,1.0,1.0,0.0
10000,1,1 Servidor Ativo (k = 1),0.88235,1.0,1.0,0.0
10000,1,1 Servidor Ativo (k = 1),0.91176,1.0,1.0,0.0
10000,1,1 Servidor Ativo (k = 1),0.94118,1.0,1.0,0.0
10000,1,1 Servidor Ativo (k = 1),0.97059,1.0,1.0,0.0
10000,1,1 Servidor Ativo (k = 1),0.995,1.0,1.0,0.0
10000,1,1 Servidor Ativo (k = 1),0.999,1.0,1.0,0.0
10000,1,1 Servidor Ativo (k = 1),1.0,1.0,1.0,0.0
10000,5000,Metade dos Servidores (k = n/2),0.0,0.0,0.0,0.0
10000,5000,Metade dos Servidores (k = n/2),0.0005,0.0,0.0,0.0
10000,5000,Metade dos Servidores (k = n/2),0.001,0.0,0.0,0.0
10000,5000,Metade dos Servidores (k = n/2),0.002,0.0,0.0,0.0
10000,5000,Metade dos Servidores (k = n/2),0.005,0.0,0.0,0.0
10000,5000,Metade dos Servidores (k = n/2),0.01,0.0,0.0,0.0
10000,5000,Metade dos Servidores (k = n/2),0.02,0.0,0.0,0.0
10000,5000,Metade dos Servidores (k = n/2),0.02941,0.0,0.0,0.0
10000,5000,Metade dos Servidores (k = n/2),0.05,0.0,0.0,0.0
10000,5000,Metade dos Servidores (k = n/2),0.05882,0.0,0.0,0.0
10000,5000,Metade dos Servidores (k = n/2),0.08824,0.0,0.0,0.0
10000,5000,Metade dos Servidores (k = n/2),0.11765,0.0,0.0,0.0
10000,5000,Metade dos Servidores (k = n/2),0.14706,0.0,0.0,0.0
10000,5000,Metade dos Servidores (k = n/2),0.17647,0.0,0.0,0.0
10000,5000,Metade dos Servidores (k = n/2),0.20588,0.0,0.0,0.0
10000,5000,Metade dos Servidores (k = n/2),0.23529,0.0,0.0,0.0
10000,5000,Metade dos Servidores (k = n/2),0.26471,0.0,0.0,0.0
10000,5000,Metade dos Servidores (k = n/2),0.29412,0.0,0.0,0.0
10000,5000,Metade dos Servidores (k = n/2),0.32353,0.0,0.0,0.0
10000,5000,Metade dos Servidores (k = n/2),0.35294,0.0,0.0,0.0
10000,5000,Metade dos Servidores (k = n/2),0.38235,0.0,0.0,0.0
10000,5000,Metade dos Servidores (k = n/2),0.41176,0.0,0.0,0.0
10000,5000,Metade dos Servidores (k = n/2),0.44118,0.0,0.0,0.0
10000,5000,Metade dos Servidores (k = n/2),0.47059,0.0,0.0,0.0
10000,5000,Metade dos Servidores (k = n/2),0.48,3.3e-05,3.3e-05,1e-06
10000,5000,Metade dos Servidores (k = n/2),0.49,0.023282,0.023167,0.000115
10000,5000,Metade dos Servidores (k = n/2),0.5,0.503989,0.504367,0.000377
10000,5000,Metade dos Servidores (k = n/2),0.51,0.977798,0.978033,0.000236
10000,5000,Metade dos Servidores (k = n/2),0.52,0.99997,0.999967,3e-06
10000,5000,Metade dos Servidores (k = n/2),0.52941,1.0,1.0,0.0
10000,5000,Metade dos Servidores (k = n/2),0.55882,1.0,1.0,0.0
10000,5000,Metade dos Servidores (k = n/2),0.58824,1.0,1.0,0.0
10000,5000,Metade dos Servidores (k = n/2),0.61765,1.0,1.0,0.0
10000,5000,Metade dos Servidores (k = n/2),0.64706,1.0,1.0,0.0
10000,5000,Metade dos Servidores (k = n/2),0.67647,1.0,1.0,0.0
10000,5000,Metade dos Servidores (k = n/2),0.70588,1.0,1.0,0.0
10000,5000,Metade dos Servidores (k = n/2),0.73529,1.0,1.0,0.0
10000,5000,Metade dos Servidores (k = n/2),0.76471,1.0,1.0,0.0
10000,5000,Metade dos Servidores (k = n/2),0.79412,1.0,1.0,0.0
10000,5000,Metade dos Servidores (k = n/2),0.82353,1.0,1.0,0.0
10000,5000,Metade dos Servidores (k = n/2),0.85294,1.0,1.0,0.0
10000,5000,Metade dos Servidores (k = n/2),0.88235,1.0,1.0,0.0
10000,5000,Metade dos Servidores (k = n/2),0.91176,1.0,1.0,0.0
10000,5000,Metade dos Servidores (k = n/2),0.94118,1.0,1.0,0.0
10000,5000,Metade dos Servidores (k = n/2),0.97059,1.0,1.0,0.0
10000,5000,Metade dos Servidores (k = n/2),0.995,1.0,1.0,0.0
10000,5000,Metade dos Servidores (k = n/2),0.999,1.0,1.0,0.0
10000,5000,Metade dos Servidores (k = n/2),1.0,1.0,1.0,0.0
10000,10000,Todos os Servidores (k = n),0.0,0.0,0.0,0.0
10000,10000,Todos os Servidores (k = n),0.0005,0.0,0.0,0.0
10000,10000,Todos os Servidores (k = n),0.001,0.0,0.0,0.0
10000,10000,Todos os Servidores (k = n),0.002,0.0,0.0,0.0
10000,10000,Todos os Servidores (k = n),0.005,0.0,0.0,0.0
10000,10000,Todos os Servidores (k = n),0.01,0.0,0.0,0.0
10000,10000,Todos os Servidores (k = n),0.02,0.0,0.0,0.0
10000,10000,Todos os Servidores (k = n),0.02941,0.0,0.0,0.0
10000,10000,Todos os Servidores (k = n),0.05,0.0,0.0,0.0
10000,10000,Todos os Servidores (k = n),0.05882,0.0,0.0,0.0
10000,10000,Todos os Servidores (k = n),0.08824,0.0,0.0,0.0
10000,10000,Todos os Servidores (k = n),0.11765,0.0,0.0,0.0
10000,10000,Todos os Servidores (k = n),0.14706,0.0,0.0,0.0
10000,10000,Todos os Servidores (k = n),0.17647,0.0,0.0,0.0
10000,10000,Todos os Servidores (k = n),0.20588,0.0,0.0,0.0
10000,10000,Todos os Servidores (k = n),0.23529,0.0,0.0,0.0
10000,10000,Todos os Servidores (k = n),0.26471,0.0,0.0,0.0
10000,10000,Todos os Servidores (k = n),0.29412,0.0,0.0,0.0
10000,10000,Todos os Servidores (k = n),0.32353,0.0,0.0,0.0
10000,10000,Todos os Servidores (k = n),0.35294,0.0,0.0,0.0
10000,10000,Todos os Servidores (k = n),0.38235,0.0,0.0,0.0
10000,10000,Todos os Servidores (k = n),0.41176,0.0,0.0,0.0
10000,10000,Todos os Servidores (k = n),0.44118,0.0,0.0,0.0
10000,10000,Todos os Servidores (k = n),0.47059,0.0,0.0,0.0
10000,10000,Todos os Servidores (k = n),0.48,0.0,0.0,0.0
10000,10000,Todos os Servidores (k = n),0.49,0.0,0.0,0.0
10000,10000,Todos os Servidores (k = n),0.5,0.0,0.0,0.0
10000,10000,Todos os Servidores (k = n),0.51,0.0,0.0,0.0
10000,10000,Todos os Servidores (k = n),0.52,0.0,0.0,0.0
10000,10000,Todos os Servidores (k = n),0.52941,0.0,0.0,0.0
10000,10000,Todos os Servidores (k = n),0.55882,0.0,0.0,0.0
10000,10000,Todos os Servidores (k = n),0.58824,0.0,0.0,0.0
10000,10000,Todos os Servidores (k = n),0.61765,0.0,0.0,0.0
10000,10000,Todos os Servidores (k = n),0.64706,0.0,0.0,0.0
10000,10000,Todos os Servidores (k = n),0.67647,0.0,0.0,0.0
10000,10000,Todos os Servidores (k = n),0.70588,0.0,0.0,0.0
10000,10000,Todos os Servidores (k = n),0.73529,0.0,0.0,0.0
10000,10000,Todos os Servidores (k = n),0.76471,0.0,0.0,0.0
10000,10000,Todos os Servidores (k = n),0.79412,0.0,0.0,0.0
10000,10000,Todos os Servidores (k = n),0.82353,0.0,0.0,0.0
10000,10000,Todos os Servidores (k = n),0.85294,0.0,0.0,0.0
10000,10000,Todos os Servidores (k = n),0.88235,0.0,0.0,0.0
10000,10000,Todos os Servidores (k = n),0.91176,0.0,0.0,0.0
10000,10000,Todos os Servidores (k = n),0.94118,0.0,0.0,0.0
10000,10000,Todos os Servidores (k = n),0.97059,0.0,0.0,0.0
10000,10000,Todos os Servidores (k = n),0.995,0.0,0.0,0.0
10000,10000,Todos os Servidores (k = n),0.999,4.5e-05,6.7e-05,2.1e-05
10000,10000,Todos os Servidores (k = n),1.0,1.0,1.0,0.0
